,Model,R2 Score,MAE
0,linear,0.9130137709140373,0.39955408087134897
1,ridge,0.9130137620951916,0.39955410565596217
4,gradient_boosting,0.9124539457784226,0.4008563299308423
6,xgboost,0.9124006962939218,0.4009704488329208
3,random_forest,0.9073999331860888,0.4120253498458155
2,decision_tree,0.8157568337598097,0.5823965524747928
5,knn,0.6640232464798578,0.7950282714811876
