,Model,R2 Score,MAE
0,linear,0.9130137709140373,0.39955408087134897
1,ridge,0.9130137620951916,0.39955410565596217
4,gradient_boosting,0.9124539457784226,0.4008563299308423
6,xgboost,0.9124006962939218,0.4009704488329208
3,random_forest,0.9074395188904245,0.412183987168341
2,decision_tree,0.8156528601558718,0.5824965466126595
5,knn,0.6640232464798578,0.7950282714811876
